{"Iran": [32.6475314, 54.5643516], "UK": [19.7031822, -79.9174627], "Russia": [64.6863136, 97.7453061], "Beirut": [33.8892265, 35.5025585], "Russian Hill": [37.8000729, -122.417094], "Ukraine": [49.4871968, 31.2718321], "the Middle East's": [52.9499498, -1.1543005], "China": [35.000074, 104.999927], "US": [39.7837304, -100.445882], "the Middle East": [55.4142529, -2.201099], "Metula": [33.2692138, 35.5723384], "Brooklyn": [40.6526006, -73.9497211], "Dormanstown": [54.6073761, -1.0913752], "Ukrainian": [48.6499199, 23.4200824], "France": [46.603354, 1.8883335], "West": [18.7668687, -72.4387315]}